{
    "rmse": 0.6374348557078524,
    "mae": 0.5072335351386988,
    "r2": 0.26328082636024
}