{
    "rmse": 0.7326154408078591,
    "mae": 0.5798008680653945,
    "r2": 0.2561632381920125
}